{"cameraMode":{"drawMode":0,"name":"Shaded","section":"Shading Mode"},"sceneLighting":false,"audioPlay":false,"sceneViewState":{"m_AlwaysRefresh":false,"showFog":true,"showSkybox":false,"showFlares":true,"showImageEffects":true,"showParticleSystems":true,"showVisualEffectGraphs":true,"m_FxEnabled":true},"in2DMode":false,"pivot":{"x":-3.25523042678833,"y":1.6464331150054932,"z":5.265144348144531},"rotation":{"x":-0.0026979048270732166,"y":-0.9968516230583191,"z":0.07070492208003998,"w":-0.03766142204403877},"size":1.1660254001617432,"orthographic":false}