{"cameraMode":{"drawMode":0,"name":"Shaded","section":"Shading Mode"},"sceneLighting":false,"audioPlay":false,"sceneViewState":{"m_AlwaysRefresh":false,"showFog":true,"showSkybox":false,"showFlares":true,"showImageEffects":true,"showParticleSystems":true,"showVisualEffectGraphs":true,"m_FxEnabled":true},"in2DMode":false,"pivot":{"x":0.04368193447589874,"y":0.032737329602241519,"z":-0.02288324385881424},"rotation":{"x":-0.11763221025466919,"y":0.6698191165924072,"z":-0.10863789170980454,"w":-0.7251016497612},"size":0.030481576919555665,"orthographic":false}