{"cameraMode":{"drawMode":0,"name":"Shaded","section":"Shading Mode"},"sceneLighting":false,"audioPlay":false,"sceneViewState":{"m_AlwaysRefresh":false,"showFog":true,"showSkybox":false,"showFlares":true,"showImageEffects":true,"showParticleSystems":true,"showVisualEffectGraphs":true,"m_FxEnabled":true},"in2DMode":false,"pivot":{"x":-0.07412272691726685,"y":0.12792973220348359,"z":0.12316952645778656},"rotation":{"x":-0.10837097465991974,"y":-0.4696025550365448,"z":0.05817722529172897,"w":-0.8742892742156982},"size":0.12901164591312409,"orthographic":false}