{"cameraMode":{"drawMode":0,"name":"Shaded","section":"Shading Mode"},"sceneLighting":true,"audioPlay":false,"sceneViewState":{"m_AlwaysRefresh":false,"showFog":true,"showSkybox":true,"showFlares":true,"showImageEffects":true,"showParticleSystems":true,"showVisualEffectGraphs":true,"m_FxEnabled":true},"in2DMode":false,"pivot":{"x":5.613612651824951,"y":2.416466236114502,"z":24.055574417114259},"rotation":{"x":-0.0023289499804377558,"y":0.9972826838493347,"z":-0.03622690960764885,"w":-0.06411267817020416},"size":0.8660253882408142,"orthographic":false}