{"cameraMode":{"drawMode":0,"name":"Shaded","section":"Shading Mode"},"sceneLighting":true,"audioPlay":false,"sceneViewState":{"m_AlwaysRefresh":false,"showFog":true,"showSkybox":true,"showFlares":true,"showImageEffects":true,"showParticleSystems":true,"showVisualEffectGraphs":true,"m_FxEnabled":true},"in2DMode":false,"pivot":{"x":114.43937683105469,"y":2.9290273189544679,"z":-2.3365652561187746},"rotation":{"x":-0.035997677594423297,"y":0.7298647165298462,"z":-0.038607485592365268,"w":-0.681581974029541},"size":2.842740535736084,"orthographic":false}