{"cameraMode":{"drawMode":0,"name":"Shaded","section":"Shading Mode"},"sceneLighting":true,"audioPlay":false,"sceneViewState":{"m_AlwaysRefresh":false,"showFog":true,"showSkybox":true,"showFlares":true,"showImageEffects":true,"showParticleSystems":true,"showVisualEffectGraphs":true,"m_FxEnabled":true},"in2DMode":false,"pivot":{"x":0.6189777851104736,"y":1.8854968547821046,"z":-7.1530561447143559},"rotation":{"x":-0.005257827695459127,"y":-0.7961810827255249,"z":-0.00691939378157258,"w":0.6049982905387878},"size":0.8660253882408142,"orthographic":false}